resid,resname,vdw,cou,cou (with DH),MM,MM (with DH),PB,SA
1,PRO,-0.0037,0.0001,0.0059,-0.0036,0.0023,-0.1143,0.0
2,GLN,-0.0049,0.0328,0.032,0.028,0.0272,-0.0929,0.0
3,ILE,-0.0169,-0.0321,-0.0315,-0.049,-0.0484,0.0903,0.0
4,THR,-0.0128,0.038,0.0367,0.0252,0.0239,0.0004,0.0
5,LEU,-0.0678,0.0837,0.0827,0.0159,0.0148,-0.0082,0.0
6,TRP,-0.0384,0.0791,0.0779,0.0407,0.0396,0.0008,0.0
7,GLN,-0.0597,-0.043,-0.043,-0.1028,-0.1027,0.1972,0.0
8,ARG,-3.2278,-2.6276,-2.5961,-5.8555,-5.8239,9.121,-0.6081
9,PRO,-0.1831,0.0299,0.0296,-0.1531,-0.1535,0.0343,0.0
10,LEU,-0.2558,-0.0303,-0.0295,-0.2861,-0.2853,0.0361,0.0
11,VAL,-0.0294,0.0214,0.0207,-0.008,-0.0087,-0.001,0.0
12,THR,-0.0102,-0.0141,-0.0133,-0.0243,-0.0235,0.0251,0.0
13,ILE,-0.0227,-0.009,-0.0093,-0.0317,-0.032,-0.0105,0.0
14,LYS,-0.0048,-0.2192,-0.2044,-0.224,-0.2092,0.0417,0.0
15,ILE,-0.0099,-0.0044,-0.0047,-0.0143,-0.0145,0.0083,0.0
16,GLY,-0.0015,0.0003,0.0001,-0.0011,-0.0014,0.0069,0.0
17,GLY,-0.0011,-0.0046,-0.0047,-0.0057,-0.0058,0.0067,0.0
18,GLN,-0.0053,0.0236,0.0238,0.0183,0.0185,-0.0034,0.0
19,LEU,-0.005,0.0072,0.0069,0.0022,0.0019,-0.0061,0.0
20,LYS,-0.0187,-0.5802,-0.5577,-0.5989,-0.5764,0.3618,0.0
21,GLU,-0.0435,0.3913,0.3698,0.3477,0.3262,-0.1733,0.0
22,ALA,-0.088,-0.0425,-0.0416,-0.1305,-0.1297,-0.0582,0.0
23,LEU,-2.5751,0.098,0.0981,-2.4771,-2.477,0.0957,-0.1057
24,LEU,-0.2066,-0.1613,-0.161,-0.3679,-0.3676,0.3819,0.0
25,ASH,-5.0586,-5.6499,-5.6498,-10.7085,-10.7085,16.8819,-0.2047
26,THR,-0.8166,0.169,0.1685,-0.6476,-0.6481,-0.3649,0.0
27,GLY,-4.2585,-3.5784,-3.5779,-7.8369,-7.8364,11.3702,-0.6082
28,ALA,-6.3429,-4.3232,-4.3207,-10.6661,-10.6636,3.0211,-0.3753
29,ASP,-5.8235,-2.2533,-2.2557,-8.0767,-8.0791,9.2061,-0.4841
30,ASP,-2.0601,1.4172,1.4093,-0.6429,-0.6507,3.4397,-0.1241
31,THR,-0.4839,0.1244,0.1248,-0.3595,-0.3591,-0.1006,0.0
32,VAL,-2.1896,0.1478,0.147,-2.0418,-2.0426,0.3136,-0.0824
33,LEU,-0.1325,0.0132,0.0132,-0.1192,-0.1193,-0.085,0.0
34,GLU,-0.1253,0.9875,0.96,0.8622,0.8348,-0.6674,0.0
35,GLU,-0.0255,0.6386,0.6151,0.6131,0.5896,-0.4412,0.0
36,MET,-0.012,0.0224,0.0223,0.0104,0.0103,-0.0372,0.0
37,SER,-0.0028,0.0104,0.0101,0.0076,0.0073,-0.0108,0.0
38,LEU,-0.0062,-0.0017,-0.0019,-0.0079,-0.0081,0.0064,0.0
39,PRO,-0.0017,0.0114,0.0112,0.0097,0.0095,-0.031,0.0
40,GLY,-0.0008,0.007,0.0066,0.0063,0.0059,-0.0179,0.0
41,ARG,-0.0023,-0.0065,-0.0018,-0.0088,-0.0041,0.0092,0.0
42,TRP,-0.0087,-0.0077,-0.0073,-0.0163,-0.016,0.0183,0.0
43,LYS,-0.01,0.1635,0.165,0.1536,0.1551,0.1089,0.0
44,PRO,-0.013,-0.0286,-0.0276,-0.0416,-0.0406,0.0436,0.0
45,LYS,-0.1419,1.2944,1.2935,1.1525,1.1516,0.8171,0.0
46,MET,-0.1593,-0.0575,-0.0563,-0.2168,-0.2156,0.1828,0.0
47,ILE,-4.318,1.3954,1.3934,-2.9226,-2.9245,0.2123,-0.4827
48,GLY,-3.551,-6.8735,-6.8722,-10.4245,-10.4232,12.313,-0.6331
49,GLY,-6.3481,-4.2072,-4.203,-10.5553,-10.5511,6.4654,-0.3915
50,ILE,-14.3859,-1.8886,-1.8902,-16.2745,-16.2761,1.3449,-0.6514
51,GLY,-0.4889,0.1756,0.1753,-0.3133,-0.3136,0.2255,0.0
52,GLY,-0.3819,0.2254,0.2242,-0.1565,-0.1577,-0.7203,-0.0004
53,PHE,-0.4277,0.4635,0.4615,0.0358,0.0338,-0.212,0.0
54,ILE,-0.8309,-0.2704,-0.2688,-1.1013,-1.0997,-0.0993,-0.0293
55,LYS,-0.0788,-0.0947,-0.0813,-0.1735,-0.1601,0.2714,0.0
56,VAL,-0.2346,-0.055,-0.0542,-0.2896,-0.2889,0.0336,0.0
57,ARG,-0.0352,-0.3094,-0.2929,-0.3446,-0.3281,0.3071,0.0
58,GLN,-0.0372,-0.0924,-0.0914,-0.1296,-0.1286,-0.0254,0.0
59,TYR,-0.018,0.017,0.0169,-0.0009,-0.001,-0.0307,0.0
60,ASP,-0.0077,0.1322,0.1268,0.1244,0.119,-0.2366,0.0
61,GLN,-0.0045,-0.0052,-0.0053,-0.0097,-0.0098,0.0155,0.0
62,ILE,-0.0084,-0.0027,-0.0023,-0.0111,-0.0106,0.0237,0.0
63,LEU,-0.0039,0.0162,0.0156,0.0123,0.0117,-0.0248,0.0
64,ILE,-0.0137,-0.0144,-0.0138,-0.0281,-0.0275,0.0032,0.0
65,GLU,-0.0055,0.213,0.2009,0.2075,0.1954,-0.0427,0.0
66,ILE,-0.021,-0.0116,-0.0111,-0.0326,-0.0321,-0.0253,0.0
67,CYS,-0.0075,-0.0056,-0.0054,-0.0131,-0.0129,0.0198,0.0
68,GLY,-0.0016,-0.0091,-0.0088,-0.0107,-0.0104,-0.0007,0.0
69,HIS,-0.0046,0.0001,0.0,-0.0045,-0.0046,0.0116,0.0
70,LYS,-0.0032,-0.1255,-0.1179,-0.1287,-0.1211,0.022,0.0
71,ALA,-0.0049,0.0023,0.0018,-0.0026,-0.0031,-0.0008,0.0
72,ILE,-0.0052,-0.004,-0.0036,-0.0092,-0.0088,-0.0033,0.0
73,GLY,-0.0056,-0.0074,-0.0078,-0.013,-0.0134,0.0225,0.0
74,THR,-0.0362,0.0537,0.0537,0.0174,0.0174,0.0751,0.0
75,VAL,-0.0458,-0.0786,-0.0778,-0.1244,-0.1236,-0.0456,0.0
76,LEU,-0.4944,0.0581,0.0577,-0.4364,-0.4367,0.0946,0.0
77,VAL,-0.0563,-0.0639,-0.0631,-0.1202,-0.1194,-0.0129,0.0
78,GLY,-0.0518,0.0236,0.0233,-0.0282,-0.0285,0.0823,0.0
79,PRO,-0.1117,0.1684,0.1674,0.0566,0.0557,-0.2883,0.0
80,THR,-0.8027,0.0233,0.0232,-0.7794,-0.7795,0.0777,0.0
81,PRO,-3.4146,-0.4561,-0.4546,-3.8707,-3.8691,0.7946,-0.2944
82,VAL,-5.0238,0.1307,0.13,-4.893,-4.8938,0.1271,-0.304
83,ASN,-0.3796,-0.0154,-0.0156,-0.395,-0.3951,0.0472,0.0
84,ILE,-5.1867,0.0249,0.0251,-5.1618,-5.1616,-0.3239,-0.2037
85,ILE,-0.3579,-0.0209,-0.021,-0.3788,-0.3789,0.3453,0.0
86,GLY,-0.2851,-0.3905,-0.3903,-0.6755,-0.6753,-0.0642,0.0
87,ARG,-0.4026,-0.1457,-0.1461,-0.5483,-0.5487,-1.1889,0.0
88,ASN,-0.1054,0.0797,0.079,-0.0257,-0.0264,0.258,0.0
89,LEU,-0.049,-0.1163,-0.1153,-0.1652,-0.1642,-0.1077,0.0
90,LEU,-0.1033,-0.0809,-0.0804,-0.1842,-0.1837,-0.133,0.0
91,THR,-0.0222,-0.0574,-0.0569,-0.0796,-0.0791,-0.0404,0.0
92,GLN,-0.0114,-0.0829,-0.0819,-0.0943,-0.0933,-0.0186,0.0
93,ILE,-0.0137,-0.022,-0.0218,-0.0357,-0.0355,-0.0302,0.0
94,GLY,-0.0037,-0.0225,-0.0221,-0.0262,-0.0258,-0.0099,0.0
95,CYS,-0.0169,-0.0269,-0.0265,-0.0439,-0.0434,0.0122,0.0
96,THR,-0.01,0.0205,0.0197,0.0105,0.0096,-0.0157,0.0
97,LEU,-0.0389,0.0442,0.0446,0.0053,0.0056,-0.1537,0.0
98,ASN,-0.0071,-0.0146,-0.0143,-0.0217,-0.0215,0.107,0.0
99,PHE,-0.012,-0.455,-0.4481,-0.467,-0.4601,0.3666,0.0
100,PRO,-0.0027,0.3416,0.334,0.3389,0.3313,-0.1683,0.0
101,GLN,-0.0042,0.0056,0.0065,0.0013,0.0023,-0.0973,0.0
102,ILE,-0.0121,0.0247,0.024,0.0126,0.0119,0.0534,0.0
103,THR,-0.0113,-0.1031,-0.1022,-0.1144,-0.1135,0.0786,0.0
104,LEU,-0.0677,0.0528,0.0525,-0.0149,-0.0152,-0.0354,0.0
105,TRP,-0.0286,0.033,0.0326,0.0044,0.0039,-0.0077,0.0
106,GLN,-0.0441,0.0649,0.0645,0.0208,0.0203,0.1469,0.0
107,ARG,-3.2502,3.0769,3.0727,-0.1732,-0.1775,2.9145,-0.5751
108,PRO,-0.1225,-0.2162,-0.2161,-0.3387,-0.3386,0.2234,0.0
109,LEU,-0.1123,0.0724,0.0724,-0.0399,-0.0399,-0.0496,0.0
110,VAL,-0.0274,-0.0378,-0.0378,-0.0652,-0.0652,0.0377,0.0
111,THR,-0.008,-0.0255,-0.0258,-0.0335,-0.0338,0.0393,0.0
112,ILE,-0.0196,0.011,0.0115,-0.0086,-0.0081,-0.049,0.0
113,LYS,-0.0044,0.4056,0.3935,0.4012,0.3891,-0.0572,0.0
114,ILE,-0.0099,-0.0011,-0.0007,-0.011,-0.0106,-0.0101,0.0
115,GLY,-0.0014,0.0073,0.0074,0.0059,0.006,0.0019,0.0
116,GLY,-0.0008,0.0128,0.0129,0.012,0.012,-0.0069,0.0
117,GLN,-0.0031,-0.0296,-0.0294,-0.0326,-0.0324,0.0219,0.0
118,LEU,-0.0044,0.0197,0.0195,0.0152,0.0151,-0.0273,0.0
119,LYS,-0.016,0.5943,0.586,0.5783,0.5701,-0.0281,0.0
120,GLU,-0.0283,-0.8209,-0.8072,-0.8492,-0.8355,0.1595,0.0
121,ALA,-0.0696,0.1847,0.1852,0.1151,0.1156,-0.2728,0.0
122,LEU,-2.9756,-0.0852,-0.0852,-3.0608,-3.0608,0.2093,-0.1152
123,LEU,-0.257,0.0443,0.0442,-0.2126,-0.2128,0.177,0.0
124,ASP,-0.5087,-28.3613,-28.3691,-28.8699,-28.8777,50.9672,-0.2238
125,THR,-0.8803,-0.068,-0.0688,-0.9483,-0.9491,-0.1047,0.0
126,GLY,-8.9424,-2.0555,-2.0587,-10.9979,-11.0011,9.2166,-0.5814
127,ALA,-7.926,-1.5724,-1.5701,-9.4984,-9.4961,2.3238,-0.2965
128,ASP,-6.9181,-0.063,-0.0854,-6.9811,-7.0035,3.832,-0.5258
129,ASP,-4.0783,-0.9295,-0.9498,-5.0078,-5.0281,10.268,-0.1717
130,THR,-0.824,0.2229,0.2223,-0.6011,-0.6017,-0.2393,0.0
131,VAL,-1.8193,-0.2964,-0.2955,-2.1156,-2.1147,0.4563,-0.062
132,LEU,-0.1302,0.1008,0.0993,-0.0294,-0.0309,-0.0721,0.0
133,GLU,-0.1099,-0.8554,-0.8495,-0.9653,-0.9594,-0.2698,0.0
134,GLU,-0.0196,-0.1163,-0.118,-0.1359,-0.1377,-0.3206,0.0
135,MET,-0.011,-0.0002,-0.001,-0.0112,-0.012,0.0083,0.0
136,SER,-0.0026,-0.0017,-0.0017,-0.0042,-0.0043,0.0006,0.0
137,LEU,-0.0085,0.0236,0.0232,0.0151,0.0147,-0.0137,0.0
138,PRO,-0.0025,-0.0217,-0.0217,-0.0242,-0.0242,-0.0066,0.0
139,GLY,-0.0015,0.0025,0.0025,0.001,0.001,-0.0119,0.0
140,ARG,-0.0035,0.0168,0.0196,0.0133,0.0161,0.0191,0.0
141,TRP,-0.0093,0.004,0.0039,-0.0053,-0.0054,0.0022,0.0
142,LYS,-0.0127,-0.2808,-0.265,-0.2936,-0.2777,0.105,0.0
143,PRO,-0.0092,-0.0079,-0.0081,-0.0171,-0.0173,0.0543,0.0
144,LYS,-0.1176,-0.5797,-0.5573,-0.6973,-0.6749,1.097,-0.0011
145,MET,-0.0849,-0.1019,-0.1018,-0.1867,-0.1866,0.2154,0.0
146,ILE,-1.4954,-0.0765,-0.0758,-1.572,-1.5712,1.0606,-0.404
147,GLY,-3.1636,-0.0567,-0.0564,-3.2203,-3.22,9.6032,-0.5175
148,GLY,-5.8415,-5.3945,-5.3911,-11.236,-11.2326,5.934,-0.3302
149,ILE,-12.5379,-4.5345,-4.5324,-17.0724,-17.0703,4.7961,-0.8741
150,GLY,-0.5605,-0.967,-0.9652,-1.5275,-1.5257,1.2752,0.0
151,GLY,-0.2364,0.3805,0.3791,0.1441,0.1428,-0.7936,0.0
152,PHE,-0.268,0.0413,0.0415,-0.2267,-0.2266,-0.0004,0.0
153,ILE,-0.2253,0.0312,0.0302,-0.1941,-0.195,-0.1852,0.0
154,LYS,-0.0386,-0.5035,-0.4855,-0.5421,-0.5241,0.4546,0.0
155,VAL,-0.107,0.0329,0.0324,-0.0741,-0.0746,-0.0161,0.0
156,ARG,-0.0314,-0.0173,-0.0124,-0.0487,-0.0438,0.363,0.0
157,GLN,-0.0964,0.0859,0.0844,-0.0105,-0.0119,-0.1395,0.0
158,TYR,-0.0236,0.0165,0.0154,-0.0071,-0.0082,0.0167,0.0
159,ASP,-0.0076,-0.0262,-0.0323,-0.0338,-0.04,-0.0315,0.0
160,GLN,-0.0055,-0.0054,-0.0045,-0.0109,-0.0099,-0.031,0.0
161,ILE,-0.0109,-0.0104,-0.0105,-0.0214,-0.0215,0.0383,0.0
162,LEU,-0.0041,-0.0062,-0.0063,-0.0103,-0.0104,-0.0069,0.0
163,ILE,-0.0138,0.0216,0.0213,0.0078,0.0075,-0.0336,0.0
164,GLU,-0.0044,-0.4024,-0.3934,-0.4068,-0.3978,0.1468,0.0
165,ILE,-0.0132,0.0379,0.0377,0.0247,0.0245,-0.0714,0.0
166,CYS,-0.0044,-0.0087,-0.0088,-0.0131,-0.0132,0.0202,0.0
167,GLY,-0.0011,0.0184,0.0182,0.0173,0.0171,-0.0241,0.0
168,HIS,-0.0041,-0.0145,-0.0147,-0.0186,-0.0188,0.0293,0.0
169,LYS,-0.0035,0.2252,0.2206,0.2217,0.2171,-0.0811,0.0
170,ALA,-0.0056,-0.0093,-0.0088,-0.015,-0.0144,-0.0051,0.0
171,ILE,-0.0074,0.0085,0.0082,0.0011,0.0008,-0.014,0.0
172,GLY,-0.0102,-0.011,-0.0105,-0.0212,-0.0207,-0.0114,0.0
173,THR,-0.1,-0.1016,-0.1009,-0.2016,-0.2008,0.1775,0.0
174,VAL,-0.0777,0.1032,0.1028,0.0255,0.0251,-0.1849,0.0
175,LEU,-0.7861,-0.1311,-0.1296,-0.9171,-0.9156,0.1521,-0.009
176,VAL,-0.0509,0.0451,0.0443,-0.0057,-0.0066,-0.0385,0.0
177,GLY,-0.0394,-0.0996,-0.0986,-0.1391,-0.1381,0.1546,0.0
178,PRO,-0.1067,0.264,0.2622,0.1573,0.1555,-0.4666,0.0
179,THR,-0.6305,0.0869,0.087,-0.5436,-0.5435,-0.0361,0.0
180,PRO,-3.8409,-0.0361,-0.034,-3.877,-3.8749,0.8693,-0.202
181,VAL,-4.9733,-0.0204,-0.022,-4.9937,-4.9953,0.2357,-0.3649
182,ASN,-0.3322,0.0941,0.0936,-0.2381,-0.2386,-0.0564,0.0
183,ILE,-3.1625,0.5434,0.5428,-2.6191,-2.6197,-0.9275,-0.0823
184,ILE,-0.3211,-0.3209,-0.3208,-0.642,-0.6418,0.5634,0.0
185,GLY,-0.4624,-0.1812,-0.179,-0.6436,-0.6414,-0.5379,0.0
186,ARG,-0.7407,-1.3819,-1.3613,-2.1226,-2.102,-1.0247,0.0
187,ASN,-0.2064,-0.2234,-0.2223,-0.4298,-0.4287,0.4001,0.0
188,LEU,-0.063,0.0913,0.0915,0.0284,0.0285,-0.3094,0.0
189,LEU,-0.0937,0.0591,0.0599,-0.0346,-0.0338,-0.3251,0.0
190,THR,-0.0211,-0.0315,-0.0307,-0.0527,-0.0518,-0.0274,0.0
191,GLN,-0.0136,0.0068,0.008,-0.0068,-0.0056,-0.1283,0.0
192,ILE,-0.0135,0.0026,0.0029,-0.011,-0.0107,-0.0871,0.0
193,GLY,-0.0034,-0.003,-0.0026,-0.0064,-0.0061,-0.0484,0.0
194,CYS,-0.0155,0.0051,0.0042,-0.0105,-0.0113,0.0047,0.0
195,THR,-0.0116,-0.0401,-0.0392,-0.0517,-0.0508,0.004,0.0
196,LEU,-0.0455,0.0112,0.0113,-0.0344,-0.0342,-0.1344,0.0
197,ASN,-0.0076,0.0006,0.0007,-0.007,-0.0069,0.0308,0.0
198,PHE,-0.0109,-0.0149,-0.0192,-0.0258,-0.0301,0.2009,0.0
199,BEC,-163.197,-70.3471,-70.2953,-233.5441,-233.4923,146.8007,-19.433
